{"cameraMode":{"drawMode":0,"name":"Shaded","section":"Shading Mode"},"sceneLighting":true,"audioPlay":false,"sceneViewState":{"m_AlwaysRefresh":false,"showFog":true,"showSkybox":true,"showFlares":true,"showImageEffects":true,"showParticleSystems":true,"showVisualEffectGraphs":true,"m_FxEnabled":true},"in2DMode":false,"pivot":{"x":0.49486637115478518,"y":3.117565631866455,"z":-0.22754085063934327},"rotation":{"x":0.014329051598906517,"y":-0.7480613589286804,"z":0.016160624101758004,"w":0.6632794141769409},"size":6.234579563140869,"orthographic":false}