{"cameraMode":{"drawMode":0,"name":"Shaded","section":"Shading Mode"},"sceneLighting":true,"audioPlay":false,"sceneViewState":{"m_AlwaysRefresh":false,"showFog":true,"showSkybox":true,"showFlares":true,"showImageEffects":true,"showParticleSystems":true,"showVisualEffectGraphs":true,"m_FxEnabled":true},"in2DMode":false,"pivot":{"x":0.49364471435546877,"y":3.147465467453003,"z":-0.2276628017425537},"rotation":{"x":0.013533073477447033,"y":-0.7480794787406921,"z":0.015262975357472897,"w":0.6632953882217407},"size":6.234579563140869,"orthographic":false}